periods_n,posts_total,vol_tv_mean,vol_tv_p90,turn_rate,entropy_mean,hhi_mean,top1_mean
5,735,0.4271537150010072,0.5756827204221837,0.5,2.528429473030004,0.10113892662347505,0.1688199314588671
11,224,0.2861152398226702,0.422703818369453,0.1,1.4196905059601095,0.3319486532812444,0.47634272475603745
5,507,0.4291412067900231,0.5172560892328705,0.75,2.4550917956173866,0.1116950031449004,0.19171173245905776
3,977,0.307482900844291,0.3742674838059036,1,2.5036501870952055,0.11095616417510266,0.20459252938210307
4,789,0.29003830165398603,0.3529664484137244,0.3333333333333333,2.426952558981165,0.14585476191867167,0.2997194234522707
22,950,0.4049527189047785,0.47416413373860183,0.7142857142857143,2.3421765432510915,0.12228365338453763,0.21411852843195334
15,790,0.41177425729375994,0.624475014365647,0.2857142857142857,2.3390954715114387,0.14634062046768637,0.2789696862308338
10,975,0.28929937514595505,0.34388963714545107,0.6666666666666666,2.5351398104906546,0.1025529286011699,0.18930511398198
9,881,0.18130698655663782,0.22841048017237303,0.375,1.1660212635437273,0.40345675813909193,0.5412512907271675
5,995,0.26222407913607887,0.2975000417401758,0.75,2.827379358714327,0.07138006001757627,0.13552294995266564
3,962,0.293981716735537,0.3590870332689678,1,2.716788390748541,0.08819507626346668,0.17046841224775458
9,533,0.3992763419126709,0.5836466317063332,0.625,2.4503645131109755,0.11418323265903381,0.21970289734355536
5,815,0.3487284897948557,0.3697911069457461,0.5,2.568824554242439,0.11004282072077436,0.22638166458398415
2,971,0.23572472432576058,0.23572472432576058,0,2.7378391782535676,0.10037472032763593,0.23904167220229394
8,1011,0.2393950974087779,0.31272156333532297,0.5714285714285714,2.6741643213298456,0.08924636141273136,0.16125412889070107
36,949,0.4941288301219748,0.6262626262626263,0.6857142857142857,2.0060857736389885,0.16854919348493483,0.2705610190839809
10,980,0.3541894614746363,0.3967852119750854,0.8888888888888888,2.8837772678587483,0.07039364157824823,0.1349077232576731
9,879,0.2980489731051873,0.4023735515989413,0,2.1046484262244394,0.23973900877705034,0.4272154985383746
8,934,0.31279389674207714,0.47952808284184123,0.7142857142857143,2.5321511111585147,0.11658588535987005,0.2096606536090284
10,715,0.3047247541837015,0.3507598460656677,0.1111111111111111,2.383843131508678,0.1406214166357453,0.29818103493123177
12,497,0.5161276320372283,0.7087912087912087,0.8181818181818182,2.146267848411155,0.1842751028426608,0.3070588951210714
8,892,0.4037491852777547,0.4563494343993114,1,2.48128993104195,0.11958619339312768,0.24199100836811674
5,908,0.2991727796252905,0.34133712688951634,0.5,2.788598600133233,0.07900201767649073,0.15065260123563715
14,951,0.31204716263541105,0.35268261150614094,0.7692307692307693,2.3923306772905115,0.11752198606105872,0.2121988788066211
3,892,0.35964601753113884,0.4911299384625897,0.5,2.229590960110153,0.18648361974071256,0.3705199360709446
5,798,0.16395803318211274,0.19338407638316732,0,1.5600414895693284,0.26450265126987726,0.37590342856974196
3,963,0.25436280137772677,0.2888212782242633,1,2.8652913627316994,0.08173676275361041,0.18909162976327154
18,504,0.5888431258365003,0.7311111111111112,0.8235294117647058,2.078665820016435,0.18968438027441561,0.3073362892064042
14,914,0.2930837295937428,0.39235051463815135,0.3076923076923077,2.1068590035103663,0.19697859178033927,0.32930117114416746
6,969,0.22860324410567207,0.2777073836075943,0.4,2.7131385496672675,0.08199258526529175,0.14355798541688927
9,918,0.39124386314830123,0.5337570521560755,0.25,2.263284997043713,0.1437004146283683,0.2515516646425189
22,885,0.43593074968876977,0.7324940991345397,0.38095238095238093,1.5075851508175875,0.3442604759471755,0.47851474197091676
10,483,0.2984772976129915,0.47082854427802157,0.2222222222222222,1.49174015723908,0.3441005745712623,0.5068801529324489
2,946,0.23750574712643677,0.23750574712643677,1,3.111424936918489,0.052974754392918474,0.10316091954022988
16,429,0.415180368963971,0.5404684684684685,0.7333333333333333,1.7429204847763422,0.244674485828698,0.38825609547882556
3,887,0.3643846641492792,0.4903578181417271,1,2.5628076032405125,0.09899479599496652,0.1669542368365444
14,825,0.44585036597326294,0.6584149326805386,0.5384615384615384,1.8086344188216203,0.26436989719862997,0.42872670099195204
16,497,0.5504249628168059,0.7166985380297328,0.7333333333333333,2.1201109111158143,0.1738438204012171,0.3081476942811025
16,563,0.6336256504141667,0.9641325536062377,0.7333333333333333,1.7528402055890413,0.2851292478545492,0.44130953901534387
2,992,0.44297889187556,0.44297889187556,1,2.6152385519326704,0.10313133425310617,0.20484049092538184
16,850,0.7389344890376596,0.9067396313364056,0.8666666666666667,1.8729073717941596,0.27839408445504943,0.40009686469148176
9,195,0.37604608762697,0.5757142857142856,0.25,1.3885868156629944,0.3641177053788712,0.5173983650699338
2,813,0.4818269230769231,0.4818269230769231,0,2.311624359629038,0.13715194156804736,0.26572115384615386
4,880,0.38399140759433886,0.4617844458288643,0,2.120565243874804,0.21467988788507408,0.38649373824485095
4,991,0.2828813078752707,0.3149249466177744,1,3.043021569122141,0.05852429640619965,0.11920756245194786
7,1013,0.1345984526147808,0.1491758241758242,0.5,1.427084562387868,0.3137052000172288,0.42296882436432937
2,989,0.21377598926894703,0.21377598926894703,1,2.875995214753444,0.07972084457961222,0.16515314106863405
4,1007,0.3031612202026101,0.37383263985205734,0.6666666666666666,2.791400844632979,0.09577532390528538,0.2161623719492907
15,687,0.5931116543107183,0.7551282051282052,0.6428571428571429,2.1662462624332877,0.17542455632720003,0.29027166153007095
7,876,0.4049850394000149,0.5275380226915484,1,2.6670257288004255,0.10028996057681809,0.1932692881708659
15,198,0.3670855929784501,0.6538461538461541,0.42857142857142855,1.1088193835678044,0.40644932885361207,0.5312942612942613
12,319,0.6322045494841944,0.9230769230769231,0.5454545454545454,1.4671850891022453,0.3553537999508172,0.5081866376888571
9,1001,0.404341439597142,0.4910604407824365,0.75,2.4353864481375407,0.14380616302776333,0.260278646094337
11,993,0.2823870878358648,0.35620400105575784,0.1,2.4611424978527046,0.11784931746632225,0.24129268329204712
6,909,0.34848262446483086,0.38675499517190803,0.8,2.6725551894880044,0.09025562566130162,0.16355642248480592
2,885,0.28576310907137975,0.28576310907137975,0,2.9736885534595494,0.06579360228759334,0.14144126550141586
8,137,0.3460444589735207,0.44130434782608696,0,0.6011649745426635,0.6945889800181726,0.7984199891451036
6,362,0.516849558536865,0.9146216691804927,0.4,0.9200535762195211,0.6001048238747323,0.7500243480958136
11,999,0.3495978254780233,0.4374039372812491,0.5,2.543832860645231,0.11501132385441647,0.2244415506982623
7,994,0.3732683229211223,0.5006661795152845,0.6666666666666666,2.681630127264269,0.09436414687571403,0.18715088572046443
15,1011,0.28303761010759526,0.3934122771199129,0.7857142857142857,2.421249809362241,0.11557661505461113,0.2095706897623491
2,814,0.1871737727992493,0.1871737727992493,1,3.0261922784622244,0.05878549799445444,0.10313911207553808
5,971,0.4073476713723134,0.5186079545454545,0.75,2.592642154931831,0.10028886939019224,0.19544168279713434
4,954,0.3365218148187008,0.3769305333220526,0,2.2410968442856527,0.17565000501559175,0.3497592742869028
5,980,0.21228967579497238,0.2598275454760217,0,2.4966962408749005,0.1132296779842362,0.20589417883228212
4,934,0.27543970135720475,0.44845159905160603,0.3333333333333333,1.8758660411300097,0.3018071563621003,0.4869695949839742
24,904,0.3419949137979033,0.46347344411860547,0.4782608695652174,1.1821870240452663,0.39137874884360907,0.5192849546459839
23,678,0.6481371146405825,0.9336021505376345,0.7272727272727273,1.6686096461882212,0.30359101182242504,0.4128844887128435
8,998,0.3401727770336845,0.3666488438129437,0.7142857142857143,2.57410110386941,0.10506270338674056,0.19665685695658094
24,546,0.584114645211006,0.7492063492063492,0.8260869565217391,1.9549026109664964,0.20135796703060493,0.31963481743248756
9,641,0.27539481539984667,0.5097971602434077,0.25,0.8366071413180847,0.5857787683647397,0.7280203676171888
12,593,0.5941345263656241,0.7494553376906318,0.9090909090909091,1.9167610064666596,0.23233562822979037,0.34874481186610556
15,373,0.6282843230385692,0.921739130434783,0.8571428571428571,1.7468790268433638,0.2806938477493358,0.3782446327494489
24,572,0.5182054691071817,0.766516290726817,0.4782608695652174,1.8282034784124053,0.2453306294608697,0.3817092853624
5,825,0.29853654271505686,0.42288920056100987,0.5,2.6028589945433533,0.0987976520198675,0.19444145933475648
7,100,0.18333333333333332,0.31666666666666665,0,0.43158111905012203,0.756904761904762,0.8452380952380952
8,846,0.16790740896783368,0.18649048625792813,0,1.8076398830383509,0.24781419798534407,0.4297359964680667
6,976,0.14616102666662117,0.17374932181414313,0,1.468064640695643,0.307886117269853,0.4340498665509802
27,888,0.49625429709620533,0.8755980861244019,0.5384615384615384,1.2557950645753513,0.4085656219776034,0.5542302485977035
4,991,0.3271590898616163,0.44731043746323884,0.6666666666666666,2.8570993752673512,0.0725561215680646,0.13016171308793217
15,567,0.33048582997545217,0.5301136363636365,0.14285714285714285,0.8585780316977514,0.5596829400032062,0.6962553127547721
3,1000,0.35587691680445765,0.3719789349702145,1,2.7721320297072136,0.08501691843611885,0.16117269549329166
17,436,0.46492590412127655,0.7489898989898989,0.5,1.360551558230523,0.38457561197419987,0.5265443236326718
24,811,0.33404681480672804,0.4491436100131752,0.2608695652173913,1.6639971947525358,0.28693479839653546,0.43025335197375986
5,931,0.17650471802061607,0.1894593986162246,0.75,2.2160095416873484,0.14485695769105228,0.24039821012009727
6,694,0.169900914388744,0.21827362292879535,0.4,1.445550595503068,0.30528718449304465,0.4104972988847228
3,787,0.3176276307840512,0.3784240501420501,0,2.567681154438494,0.10671171866919894,0.20819165741436174
2,917,0.2762163266497388,0.2762163266497388,1,2.765407847718574,0.08706169447292492,0.16286154160464641
21,839,0.5916835939440609,0.80125,0.85,2.005076121927501,0.2022363443236328,0.3101254557926067
14,791,0.34203767149078257,0.4550282840980515,0.5384615384615384,2.46342750997914,0.10519972448736693,0.1858231196863225
5,839,0.30526415454171474,0.3256081081081081,0.25,2.5379378847697938,0.10982952094854563,0.18513133289932462
13,496,0.4603562298345783,0.7041205933654445,0.9166666666666666,1.7223049456667057,0.21673549009613,0.3098163604936367
3,946,0.4372244030698678,0.4734311228152214,0.5,2.5645886430200506,0.09418412143820509,0.16157278083369908
4,905,0.31379201656918493,0.3885390403403719,0.3333333333333333,2.7262715860349216,0.0934837259511068,0.18932562998554733
2,834,0.2007861159823426,0.2007861159823426,0,2.372405851312698,0.17364054574742066,0.35976295579609363
18,974,0.4030737487831283,0.5121893178212586,0.6470588235294118,2.444951853130942,0.11690231328909761,0.22180551146917205
4,947,0.254403516396448,0.2812465058076756,0,2.770635477062247,0.09625018481411848,0.22406322476004906
3,970,0.3641163290653485,0.47576120191295956,0.5,2.8121613319459526,0.0770281039112881,0.13941235776249208
13,656,0.28431100689385563,0.4611688311688312,0,1.01219820007651,0.5416462055579856,0.6857279319201767
16,952,0.5721732837767404,0.7995872754696284,0.5333333333333333,2.2177252802567406,0.1934366782360074,0.3017793034699572
10,859,0.196163858663153,0.286628965576334,0,1.221930263365773,0.44204889814544773,0.6163471937038707
7,668,0.3996298874103839,0.557566495066495,0.5,2.413427126721071,0.14562162150787325,0.2694630567007288
12,620,0.6256582909593511,0.7838137472283814,0.9090909090909091,1.931630168443531,0.2502444231058851,0.36697535159455263
4,828,0.2791463387161918,0.348299813394153,0.3333333333333333,2.670656430403881,0.10237611290684505,0.22900537762556267
14,864,0.5267921146426944,0.8210663598005371,0.8461538461538461,2.3733207449322653,0.1544167953891567,0.2579206897815663
2,975,0.3574285714285714,0.3574285714285714,1,2.9187099847615467,0.08037102040816327,0.18828571428571428
25,813,0.4507442138908369,0.6863214487832484,0.625,1.3507489803705195,0.35436730672198585,0.4847759897147222
23,782,0.3550303556426997,0.5564901850068091,0.3181818181818182,1.3972346915897496,0.3557699107173686,0.504819600180285
12,256,0.5325339479441475,0.8125,0.5454545454545454,1.0236760368167148,0.4857411564572889,0.5919333649262511
9,153,0.09770622895622896,0.21499999999999997,0,0.17390934217002954,0.902123863652109,0.9408342686120464
32,673,0.4054724569070093,0.6175115207373272,0.4838709677419355,1.311518175501461,0.3464006255295262,0.4767612679923797
24,1012,0.22169207117253295,0.34375624375624375,0.391304347826087,1.3544026708634025,0.30313115628660664,0.4242246984690224
5,831,0.3551085673995626,0.5191720762158348,0.25,1.80417389924474,0.23370056397102162,0.3633856023281627
8,754,0.2424396637303208,0.3580841484241578,0,1.5162705654250317,0.30259019524085196,0.4626867039130052
18,406,0.4939080854277718,0.6015530285787122,0.7647058823529411,1.7906859374424746,0.22339893500276395,0.3540634372173447
35,906,0.2823420406837163,0.442540494458653,0.3235294117647059,1.0771174681490905,0.4182136291687441,0.5527118665074008
36,722,0.44130641838524076,0.5813151760520182,0.6285714285714286,1.3218872344434776,0.35400453834195234,0.4827306001345239
22,744,0.25320784270425534,0.35745422842197033,0.09523809523809523,1.287034409605644,0.3666570543172083,0.5281990723847286
5,287,0.3936421571371137,0.4597598122440827,1,2.249571331890066,0.15082537185671246,0.27390207748242307
13,834,0.2585067778151298,0.31834916351166886,0.16666666666666666,1.8453671863458703,0.22667719261573327,0.38354548070707484
4,909,0.2600703625000889,0.2784874289470073,0,2.708322013062263,0.08642834470857466,0.17681372101925613
11,997,0.5149235180192961,0.6737437302082611,0.9,2.444328489649879,0.14234287759767006,0.24769306848047037
8,880,0.35268156204428636,0.5464285714285715,0.2857142857142857,2.3824398245020437,0.14300406501494753,0.27185082951168
21,828,0.35807826806595944,0.586406015037594,0.4,1.0333644178865329,0.4783903926055362,0.6170441238224992
14,550,0.17957978715607947,0.2951359751359752,0,0.6032748266198159,0.6982726504597554,0.8155246319199545
2,969,0.28530320044918583,0.28530320044918583,1,2.5292803539160564,0.12474530678242102,0.26450642195395846
6,155,0.5324684687162001,0.5869328493647913,0.8,2.375044440974851,0.11021471826685121,0.19822659443802818
6,887,0.383282762997034,0.4342960400594522,1,2.9588052057564624,0.07124689537777835,0.15687785747878868
23,686,0.525962112246222,0.7129870129870131,0.6363636363636364,2.0081915702103577,0.2191898106018418,0.3216722261246079
18,935,0.29964117577107063,0.5102272727272728,0.47058823529411764,1.8796288754296155,0.21480679287600604,0.3310475972018964
24,986,0.44997350849289186,0.5776190476190476,0.782608695652174,1.7743218590927399,0.24304247440878532,0.39167801599727153
4,984,0.2994362354692279,0.4117974016900596,0.3333333333333333,2.6385435295455344,0.0912364928701287,0.1622782611612214
5,939,0.28593085313617633,0.3472834142273306,0.5,2.695679662958922,0.10197381626056697,0.20766271212088702
5,996,0.21883307656479523,0.25036508903299776,0,2.6065560523466433,0.10405977357144595,0.22311955859696891
20,595,0.5472627107635809,0.7172146807440926,0.8421052631578947,2.1508778345917947,0.14928050119196304,0.2536179650797433
8,818,0.313307462926517,0.44408740730074153,0.5714285714285714,2.3554172260385444,0.13598593457031133,0.26504720731742987
21,984,0.48506260262305545,0.6896171083937365,0.55,1.845145928949271,0.24032557144811262,0.38760808064326085
29,808,0.5572633885269631,0.7300755413798892,0.75,2.319495513682023,0.128538771267673,0.2276750206462266
11,771,0.1508378878481496,0.21565359209535992,0,0.6064710376246748,0.7196389221910084,0.8339213786673699
13,345,0.4040980586756792,0.8013157894736843,0.5,1.1487390238178183,0.41508115428129105,0.5405292091455464
22,991,0.35764442539442987,0.4568421052631578,0.7619047619047619,2.328962024029389,0.12626212739187626,0.21920450140226924
8,903,0.43026647194726503,0.5071933928210459,1,2.5759388544971404,0.10973984973975683,0.21448041548230778
3,974,0.3375426693975081,0.43223971667520056,1,2.680781000788208,0.08659967585252835,0.15830275359845253
4,984,0.35613402590396964,0.4455121389331916,0.3333333333333333,2.4826049709602134,0.12683470333309754,0.2535530955031948
9,1011,0.009646962233169128,0.022321428571428558,0,0.0328109029937392,0.985496782304986,0.9924169859514687
4,911,0.29829307230390706,0.34073976595360994,0.3333333333333333,2.6844155579898032,0.09505377452677219,0.17153235144418194
10,774,0.2961089925684376,0.3534269118812274,0.1111111111111111,2.1914322643314956,0.20299737165359016,0.36863191054988687
19,791,0.4741831427061757,0.768516440354618,0.7222222222222222,2.0080693247333445,0.22047275453754178,0.3203471252349991
8,1003,0.26245760033915494,0.317986034213916,0.7142857142857143,2.5531021310617814,0.1073794419243617,0.20229929737070534
3,843,0.19871423979427838,0.26144219436408445,0,1.6692262743386606,0.25683441197734225,0.41551483981570775
5,860,0.27043194602666043,0.307383361129689,0.25,2.5111227043596096,0.12387815609445696,0.2462663717968602
28,762,0.426833842833267,0.7100000000000006,0.5555555555555556,1.3444508472887013,0.3577185632739828,0.5017931074138168
2,939,0.26213786213786217,0.26213786213786217,0,2.663995874920875,0.1361093541173225,0.3223853070006916
2,816,0.21914184952978055,0.21914184952978055,1,3.0118158588499613,0.06588625669153703,0.1404780564263323
12,503,0.646414709163976,0.9166666666666666,0.7272727272727273,1.0639168104869146,0.4917169036015208,0.5955748643135977
14,413,0.5185949272547872,0.8151195210018739,0.6923076923076923,1.8894672719540417,0.22877685630530145,0.3629544374313643
11,1004,0.3246149141636468,0.3976319605856527,0.7,2.487765906242633,0.1176023825075883,0.2265917042404575
19,578,0.030963391065692854,0.07428571428571429,0,0.12399739743034961,0.9426008134925679,0.9655545173481638
6,669,0.4063060223313945,0.5690925974842939,0.4,2.211810394370815,0.17612734004404093,0.3343253449473307
12,422,0.3651846067039087,0.4328165374677002,0.2727272727272727,1.688980839303387,0.2722766308889952,0.42132145007004196
9,970,0.3730302447534728,0.4385680011995801,0.75,2.7975634367246545,0.07990145084259961,0.1635517738648806
4,443,0.4677111859997085,0.6349225386346362,0.6666666666666666,2.21985256580702,0.15042884124444444,0.27361969030325545
2,841,0.2557837215990797,0.2557837215990797,1,3.0650164608252957,0.06113357809059393,0.12494679321253954
26,889,0.4728675949555856,0.6734523809523809,0.4,1.5303696369639659,0.3310844378920234,0.4638420634680805
6,975,0.28313823519460196,0.3220317291236657,0.6,2.726001656095736,0.08711917542878118,0.1632670065824361
11,891,0.5342436494222208,0.7307692307692306,0.8,2.3687234731044158,0.18048220017987623,0.2833765215111142
18,464,0.6361115035684257,0.9000000000000001,0.7058823529411765,1.4762351707745196,0.3385075394445559,0.47387085394567724
7,926,0.17092299308734818,0.1956935386150611,0,1.3362315843031762,0.41504571938984186,0.6103715066837825
5,921,0.12570613115808055,0.1823515338268636,0,1.3156002896861776,0.39673228447888087,0.5894006287079219
29,577,0.4391435950932436,0.7027972027972027,0.5357142857142857,1.5761500847050147,0.31489597012508064,0.45291292795458266
6,792,0.3062803964232258,0.36550703439156396,0.2,2.8883776823934113,0.07313483485723159,0.1495176999114446
7,1014,0.17978443827412202,0.227035080758485,0,1.5954257463066686,0.31795763518273157,0.5135873929771192
22,986,0.42579615718354635,0.525,0.8095238095238095,2.3011754731773304,0.1296895669252095,0.21815998723759591
16,1002,0.3336736503476369,0.39810877787922266,0.8666666666666667,2.299211525596895,0.1374224439805419,0.25162522916072344
25,668,0.31228194629378275,0.46303030303030307,0.20833333333333334,1.101378637109854,0.4391500454900749,0.5855414506687665
29,988,0.42829136981129884,0.567192118226601,0.75,2.1775601097878283,0.1475607983783348,0.2420471686531408
11,406,0.28854025531177113,0.42149390243902435,0,1.2977817232098063,0.4167969440239356,0.5944470593974491
2,789,0.25599005773921635,0.25599005773921635,1,2.995339386556914,0.06523553873554411,0.1338885972766851
3,963,0.3039752895302797,0.32783598880326936,0.5,2.9267606740696057,0.0749067750764346,0.17117817887203166
7,982,0.31438351638477924,0.37494180246092457,0.8333333333333334,2.8163841734727995,0.07749385280567801,0.14097422083840513
7,1014,0.300852730242591,0.3511974050893143,0.5,2.5510964080348444,0.10410612092058251,0.1895837962927986
30,865,0.2115919119789205,0.3924533799533799,0.06896551724137931,0.6754783579448649,0.6846979906584946,0.7839119157287351
3,43,0.6028708133971292,0.7215311004784688,0.5,1.6211999253976874,0.2646102388271576,0.4011777695988222
2,960,0.11218166471084756,0.11218166471084756,0,0.707192071796918,0.7016548911030649,0.8295555143804171
7,790,0.4269384682263147,0.46340579710144925,0.6666666666666666,2.7203298615999665,0.09464185860197893,0.1984498365397808
16,1009,0.29665787135306254,0.376007326007326,0.5333333333333333,2.390289930317567,0.11599619837009073,0.19785218729489723
7,516,0.36636734582112584,0.46712941011186626,0.5,2.5382663930066527,0.108855995716384,0.21252563291508547
5,1015,0.4088435152469585,0.551205717927179,0.75,2.4966493440445454,0.11234914982240193,0.20878069111374237
2,921,0.11429058874620013,0.11429058874620013,0,2.380218373617316,0.16439586272435014,0.34995192009429865
16,981,0.48685870873983095,0.6099137676751855,0.9333333333333333,2.5501556349501278,0.10433076000131343,0.2011161970476628
23,847,0.36124246279520006,0.50509916440149,0.3181818181818182,1.620102570863069,0.3411125961167147,0.4781907401157649
6,947,0.172098354212128,0.24655637140998232,0,1.4306584816323689,0.33707511834371506,0.5223766559345816
6,774,0.08638827929237172,0.12351161669010703,0,0.8233586311152563,0.6182326001690105,0.7684655046757373
5,994,0.346877565681445,0.39474654377880186,0.5,2.7109396357491553,0.11050049885622526,0.2458132051485778
5,53,0.1412878787878788,0.19454545454545455,0,0.34249749062908846,0.8066345270890725,0.886969696969697
13,969,0.2996086642317033,0.4197902721999108,0.6666666666666666,2.316885788603322,0.1340391931688198,0.24310583889949677
3,310,0.4028737479243666,0.47637527451925654,0,1.6909829897849136,0.31693281402075885,0.46872265966754156
8,980,0.3013707160190303,0.3597948717948718,0.7142857142857143,2.6513291819189178,0.0947102137115818,0.18324512352898778
19,807,0.4894083926736784,0.6163063986874487,0.8888888888888888,1.9589723287636087,0.20386198183347518,0.33734106984397966
4,964,0.26477402315509324,0.30925440638510143,0,2.169791376885645,0.16755184498915476,0.3187833894614652
8,982,0.3046528576144264,0.3679030967580186,0.5714285714285714,2.6837965408555853,0.09559305283273284,0.19801197595609055
12,769,0.42123132809272334,0.5041367898510756,0.7272727272727273,2.5109004944745785,0.1034784315409968,0.18924684589004012
19,1010,0.13422855037153325,0.18576346404442054,0,0.737630404342231,0.6762730673582409,0.8063836983641888
5,960,0.3056866209570769,0.37279060945039283,0,2.4846845016760777,0.1130176484243773,0.21286379507716768
21,980,0.40186518151317696,0.575974025974026,0.4,1.892783257967729,0.21089108753726504,0.36505276646147694
5,1011,0.21501209805331578,0.24248893143472539,0.25,2.711977396097645,0.0865312182551364,0.16188710400441292
14,831,0.3888409234249878,0.4537886150642138,0.3076923076923077,2.4832105330016385,0.12271106066171196,0.2540403305340936
7,98,0.24894179894179894,0.42820512820512824,0,0.5029725493142209,0.71402439489305,0.8118611547182976
9,966,0.3923470734189233,0.5142531323699254,0.875,2.5313258916163206,0.11021161066543658,0.21947203574256707
4,653,0.2559972847392547,0.28413629763858933,0,2.847124446897429,0.08597913594915631,0.19455412986489884
17,985,0.3937111521146311,0.5280996177735309,0.6875,1.4411137256409794,0.306412643824025,0.4393617056300196
6,370,0.502720166647614,0.5939512075014876,0.6,2.079243970913108,0.22212183006586936,0.3763544971373726
25,969,0.41341037319855717,0.55,0.625,2.2566313092462704,0.1297225593706159,0.21821068897251863
6,976,0.2412107049477897,0.258619855674207,0.2,2.551332223500799,0.10399541303108416,0.19795847415257506
6,448,0.22390323242597293,0.3462602504609383,0,0.9478647427674982,0.587925653063473,0.7325846988343705
16,942,0.2908474925233067,0.3604056906675182,0.2,2.1652751331114155,0.15735864288289675,0.28969616661466085
11,146,0.3498717948717949,0.4516666666666666,0.2,1.1137873845710722,0.4426872198931957,0.5927844882390336
9,997,0.435542878625741,0.5981505515898767,0.5,2.444884971979862,0.1320719793714245,0.2539087556359326
6,899,0.15091797939845478,0.19861020417047584,0,1.0884600683422827,0.49103638104840774,0.6585333094246507
8,794,0.34589657617481134,0.41870337766371907,0.42857142857142855,2.4819950083798386,0.11997940865780725,0.23054774403244305
8,654,0.3459610830793657,0.43657927810729175,0.8571428571428571,2.294638116900786,0.13441954290615138,0.2390760692308727
24,682,0.21227379138030075,0.4798468198468199,0.13043478260869565,0.5677431193996088,0.7244180464756411,0.8101365711316525
12,879,0.38458944015689567,0.506180193596426,0.18181818181818182,2.102750089995313,0.2265070623968393,0.40693433297335657
5,645,0.27442755710956873,0.33307586491505603,0.5,2.775154171624693,0.08358278991928114,0.15850012437595737
18,245,0.6006900432779143,0.8841628959276019,0.5294117647058824,1.3078149507221744,0.4179172106413875,0.5239110648553373
11,507,0.5379338680611386,0.7782095066539224,0.6,1.525444984053391,0.3915663849717852,0.516931427721575
27,742,0.34685470195417495,0.4726817042606516,0.46153846153846156,1.5163243717724324,0.285850800888602,0.42911250430337833
4,976,0.35717580794023723,0.4253283585830432,0.6666666666666666,2.6509653586588335,0.10454122790384238,0.22197425617182737
20,905,0.24017815974287346,0.3198869623527157,0.10526315789473684,1.2408317471717332,0.3649083680570864,0.5253565572800014
7,262,0.4888161751848843,0.5861842105263158,0.6666666666666666,1.565580136260946,0.3067979851205452,0.4862782567127218
17,977,0.3191345911411468,0.4255390807210757,0.125,2.00133182732559,0.20144105238852197,0.35733543360627734
2,993,0.16443908200287194,0.16443908200287194,0,3.0371079974336426,0.060265540383717384,0.13588124835373988
13,365,0.334792299016437,0.4368181818181818,0,1.0043658950402814,0.5011146588001919,0.6534953169435928
19,919,0.36698950466452757,0.5687082204155376,0.3333333333333333,1.0761890140018047,0.5244829235591871,0.6745044930097266
8,848,0.25136229125489057,0.2894265807071637,0.7142857142857143,2.5371317428443447,0.10547489625503341,0.18825636937049223
9,968,0.1620043745788675,0.35790849673202607,0,0.9570029325259074,0.561152772597749,0.7224061785832556
4,616,0.33793307983418813,0.49250463470412326,0,2.498829751140393,0.11512542051731303,0.24990950486474783
20,780,0.43471344709000337,0.5719232083077133,0.3684210526315789,1.8180608354017511,0.24854175197746944,0.4045633134389582
21,963,0.4137719300429022,0.5384937384791812,0.2,1.8401526070938712,0.2540636357477559,0.4278543901561396
21,537,0.3781822518728374,0.5761904761904761,0.1,0.944968653709308,0.5497230552510712,0.6959011122994583
5,597,0.16406827355155312,0.19455680902497982,0,0.882405029184777,0.6396374450111871,0.7922809755767048
4,372,0.4780291269313226,0.637600354845864,0.3333333333333333,2.07217008126909,0.17180548312950011,0.2876275227323132
6,947,0.3327681731427449,0.4292233046817905,0.4,2.5264750328682997,0.10780137266252689,0.1959834681787864
10,215,0.5708869802870598,0.9057142857142858,0.6666666666666666,1.5014229334008349,0.31772644525094146,0.460972001475022
20,681,0.5615399530761197,0.7602043506921555,0.631578947368421,1.728468232624816,0.2826850400410927,0.4343484641719262
9,993,0.3846362969463006,0.49307073030477283,0.875,2.717633540199384,0.08021977622928529,0.14016178736233023
6,116,0.39256410256410257,0.46,0,1.5446884521333908,0.32536037298382814,0.5171643049932524
13,713,0.3839427327859348,0.4690913244095208,0.5,2.3952712546512807,0.1288897559166678,0.2529287345279141
19,612,0.4961742395215144,0.6741386206768246,0.6111111111111112,2.0150056939667267,0.19275908925419083,0.3246147812373435
12,959,0.2999582642835782,0.3945627157652474,0.6363636363636364,2.562822081141132,0.1149582429054854,0.2206317442612312
23,950,0.5648343084190742,0.8043902439024391,0.9090909090909091,2.1203027790524787,0.1741895766450111,0.29688675983996093
19,956,0.4431474617258815,0.6022089947089948,0.3333333333333333,1.8032603264648477,0.2665269561038655,0.4393999172331515
23,860,0.5751907878000941,0.68607820586544,0.9090909090909091,2.1250579386124526,0.17471660538854825,0.2868981033380862
21,1003,0.394258249125956,0.49227272727272736,0.7,2.519377737321727,0.10156623702749541,0.18717089022964967
8,643,0.4294219941082606,0.5606054534024831,0.14285714285714285,1.860719217764024,0.307887893425391,0.4931193979640619
34,864,0.40515293011487913,0.589047619047619,0.45454545454545453,1.713255206683339,0.2430878175372951,0.38256170771311276
5,942,0.39627335463168123,0.4886950264502673,0.75,2.5447695385552267,0.13121894960730124,0.2753184177972379
29,472,0.3708315203194236,0.6296503496503497,0.32142857142857145,1.1861484498025079,0.3993593919419991,0.5493877939766268
7,951,0.1174702730364578,0.16032186412621197,0,0.868970227633578,0.5932106758573966,0.7526972202763881
3,380,0.4709893210732443,0.47250529081223097,0,2.034288478485685,0.2197321713852912,0.37127555198780476
34,564,0.36086074556748454,0.46193473193473195,0.2727272727272727,1.4375961671342277,0.30050971848277136,0.44885804662588613
11,988,0.40234364531192657,0.505592290172514,0.4,2.4339449169903644,0.12802857884417873,0.24753256322766373
8,874,0.3914133553846069,0.4665516808163144,1,2.3821349571168255,0.13455400997785535,0.23268152373814968
35,973,0.32810474289502034,0.5199579831932772,0.5294117647058824,1.0419947390767639,0.4296565539650284,0.5601518760769516
16,477,0.49844524625486525,0.6463768115942029,0,1.846668342565605,0.23722167147729478,0.3868177289454018
3,935,0.3367245923270088,0.4005490675592123,0,2.742139228267075,0.08213884167584251,0.14779206633760378
5,983,0.24181420030391776,0.2779584062802379,0,2.6157741068128897,0.11004847693250168,0.24339699675923168
11,837,0.6325460226908862,0.8478723404255318,0.8,1.8600070275555887,0.2563096941126542,0.4211235344791012
11,956,0.5946727665437821,0.8356410256410256,0.7,2.195243872542683,0.174028215719766,0.31200002938260235
11,921,0.5272178766966261,0.9011111111111111,0.7,2.465421402363921,0.1453491676550809,0.24254878568042645
5,939,0.11192715687404411,0.16718492367763538,0,1.4434316608677937,0.31397353747287277,0.4374054187806074
7,185,0.4205233494363929,0.6938405797101448,0.3333333333333333,1.190697065788682,0.4578651218731559,0.6169151138716356
38,899,0.2838165676865107,0.4396503496503496,0.4864864864864865,1.2722083247375016,0.3246570132395778,0.4373797042029541
3,970,0.2935886230889746,0.3654038263986429,0.5,2.8112742349605733,0.08950214428968466,0.20866611544831196
19,906,0.36005896621485844,0.4513443504492099,0.7222222222222222,2.0453406085643904,0.17482333417898882,0.2948861959318522
11,953,0.27993080013049787,0.36821572580645145,0.1,1.5854187210363018,0.37437418773498704,0.580613545819295
4,992,0.4042106919049846,0.4414268176586041,1,2.8034379535987473,0.09707059337789292,0.2049935765677427
22,450,0.4361717541851225,0.7032967032967034,0.47619047619047616,1.309675575534168,0.3565198051738388,0.49216810536333794
4,484,0.378424450414089,0.4427008986764301,0.3333333333333333,2.4774994906823293,0.1459095049407262,0.3169495174368405
24,781,0.5497088388735769,0.7130952380952381,0.8695652173913043,2.2082102623675586,0.14143107586049627,0.23984299493997305
6,999,0.35633434959504207,0.5797005562788496,0.2,2.5411426487008506,0.12031907640249469,0.26050437075918387
2,972,0.19308035714285715,0.19308035714285715,1,3.0418415175169478,0.06093415971697991,0.11952593537414966
3,55,0.35517241379310344,0.3910344827586207,0,0.9307267196195511,0.5409856817281015,0.7007183908045977
18,340,0.24209831117816916,0.4133200133200133,0.5294117647058824,1.0841119731120195,0.3996540218404984,0.5162634133918964
35,957,0.4104589019829172,0.5384801503406155,0.7941176470588235,2.0726565372795944,0.15975727576383558,0.26986084427403223
5,988,0.3747892100636446,0.4603088963329678,0.25,2.1000293710994677,0.18927034665344422,0.33252344252551763
26,803,0.5849561234896029,0.9320574162679427,0.68,1.6511434586212692,0.30262089846004747,0.42942390616305126
5,988,0.3549890857211273,0.38829121819855633,0.75,2.845640944138192,0.0843656053819429,0.16886081901374358
21,388,0.4295467828307876,0.6360544979469956,0.3,1.1438438334778387,0.48726480137951456,0.6153366389622542
25,654,0.3501051067983542,0.5697822557876905,0.25,1.0369568227062422,0.5047200903952935,0.6517526081861971
6,982,0.286321612040308,0.3515239143486092,0.4,2.572108112182713,0.10511268828204094,0.20430621162358734
3,965,0.27727061556329846,0.33708013937282233,0.5,2.7981480205498444,0.0725442511408688,0.12420441347270615
6,932,0.33290548568805683,0.475946348733234,0.8,2.508334504248213,0.11343374459738731,0.1958366880246374
19,790,0.557812754227953,0.8022222222222224,0.6111111111111112,1.8940260537986742,0.240363732541327,0.35825331954484146
2,895,0.15923076923076923,0.15923076923076923,0,2.992432563166389,0.06549540105193952,0.14653846153846153
7,964,0.3079463400723085,0.36469315499606614,0.5,2.9407092108693886,0.07093465716575452,0.15856102027798613
2,960,0.2074947504441932,0.2074947504441932,0,3.0713097019052378,0.05877217518742786,0.11301889840090454
10,819,0.279936668388222,0.36712192345995165,0.1111111111111111,1.9685807797320134,0.23825100076402422,0.42420302817715944
6,143,0.4949522397891963,0.5607378129117259,0.6,2.0015670448563685,0.17787418537509384,0.30534054311228226
9,1009,0.29456334486275987,0.39767219799342196,0.375,2.7151075496931454,0.0968417004634394,0.19181469451321823
15,508,0.48477867448455686,0.6763888888888889,0.7857142857142857,2.0903428035857687,0.17654407230309035,0.2986657061166865
2,975,0.1525223950966525,0.1525223950966525,0,3.014840979022249,0.06186621245900984,0.1279540900518623
9,564,0.45256916800077707,0.5387062937062937,0.75,2.4252518719648184,0.12523571998158461,0.2157874177482324
39,615,0.422777576989851,0.6441176470588235,0.631578947368421,1.0021144524127936,0.45037593588182173,0.5793666727537695
18,894,0.5070247709883479,0.6219066937119676,0.9411764705882353,2.672479311673952,0.08838322232016518,0.1749076325126646
28,704,0.6177285910426159,0.7496204278812976,0.8888888888888888,2.138716883339836,0.15589099997886785,0.2744740055005527
28,672,0.5443882675758578,0.7715384615384615,0.4444444444444444,1.6013742918334979,0.3014195690044236,0.4617483806446808
2,282,0.3379604178119846,0.3379604178119846,1,2.732667914253003,0.0879637612085007,0.16698735568993953
8,97,0.4313210598924884,0.6933333333333334,0.2857142857142857,0.8521119724354304,0.5667218779250498,0.6671495171495172
10,930,0.35887274092103466,0.4665653829021242,0,1.9563125030487338,0.297305568081786,0.49108946319300983
19,820,0.4422464068832913,0.7356372549019609,0.2222222222222222,1.2676850492195453,0.4651575998971699,0.6255734465704271
21,963,0.371706475914492,0.4494019933554821,0.6,2.1674629511624266,0.14684271467514529,0.2480338803965465
4,54,0.3,0.3933333333333333,0.3333333333333333,1.0526674987478308,0.4295833333333333,0.5541666666666667
10,674,0.3136632316031432,0.4477313974591651,0,1.6921424198960657,0.328932435953991,0.5298060341816753
13,975,0.30306493574023513,0.3723673832353851,0.5833333333333334,2.490159659976406,0.10790966217065806,0.20311946227931105
4,996,0.24673992017198323,0.28102433503112617,1,2.533257233868404,0.11306545873313405,0.20943052497100303
5,777,0.1149560824955373,0.11858475097356015,0,1.0063526032832906,0.6212578177647347,0.7838954843976365
14,916,0.35774535680825154,0.5060756677602399,0.6153846153846154,2.390793386228359,0.11711211942330522,0.19875727900046516
4,853,0.3340400327447413,0.4187251828631139,0,2.539155844548736,0.14787990291072134,0.32728890515517506
19,685,0.3227184872544508,0.5246044031647749,0.1111111111111111,1.1495863418882184,0.46499414601846933,0.6216669728356192
12,504,0.3992022359130681,0.47777777777777775,0.5454545454545454,2.3275264091488626,0.12445533611601305,0.22198002344140724
7,920,0.39054506455360327,0.5518777228402084,0.8333333333333334,2.531278818786911,0.11950192233429598,0.20668031750866672
4,965,0.26062419140325593,0.280527436167382,0.6666666666666666,3.0090656171905286,0.0614418434868025,0.12240698340111786
15,956,0.3275479066849364,0.4441209456500272,0.07142857142857142,1.5351026034305078,0.3419036439976285,0.5297872610789826
2,997,0.36387808258060206,0.36387808258060206,1,2.5929121371648005,0.11833337848078976,0.24395588800026713
30,493,0.22910026005978032,0.39464882943143814,0.13793103448275862,0.8581006871360396,0.5367771085850921,0.6622081085849202
